<?xml version="1.0" encoding="UTF-8"?>
<project-private xmlns="http://www.netbeans.org/ns/project-private/1">
    <editor-bookmarks xmlns="http://www.netbeans.org/ns/editor-bookmarks/2" lastBookmarkId="0"/>
    <open-files xmlns="http://www.netbeans.org/ns/projectui-open-files/2">
        <group>
            <file>file:/F:/Nam4CNTT/DA/Service/WaterRecord/src/java/com/datpt/waterrecord/Dao/StaffDAO.java</file>
            <file>file:/F:/Nam4CNTT/DA/Service/WaterRecord/src/java/com/datpt/waterrecord/controller/StaffController.java</file>
            <file>file:/F:/Nam4CNTT/DA/Service/WaterRecord/src/java/com/datpt/waterrecord/controller/IndicationController.java</file>
            <file>file:/F:/Nam4CNTT/DA/Service/WaterRecord/src/java/com/datpt/waterrecord/model/CustomerModel.java</file>
            <file>file:/F:/Nam4CNTT/DA/Service/WaterRecord/src/java/com/datpt/waterrecord/Dao/CustomerDAO.java</file>
            <file>file:/F:/Nam4CNTT/DA/Service/WaterRecord/src/java/com/datpt/waterrecord/servlet/AreaServlet.java</file>
            <file>file:/F:/Nam4CNTT/DA/Service/WaterRecord/src/java/com/datpt/waterrecord/DaoItf/IndicationInterface.java</file>
            <file>file:/F:/Nam4CNTT/DA/Service/WaterRecord/src/java/com/datpt/waterrecord/DaoItf/CustomerInterface.java</file>
        </group>
    </open-files>
</project-private>
